
{
  "categories": [
    {
      "name": "Emotional",
      "description": "You are someone who experiences emotions deeply and intensely. ...",
      "questions": [
        {
          "question": "How do you feel when someone cancels plans last minute?",
          "options": ["Hurt and disappointed", "Understand and move on", "Annoyed but calm", "Use the time creatively"],
          "trait": "Emotional"
        },
        {
          "question": "How do you handle emotional stress?",
          "options": ["Cry or talk to someone", "Go for a walk", "Journal", "Create art"],
          "trait": "Emotional"
        }
      ]
    },
    {
      "name": "Resilient",
      "description": "You bounce back quickly from setbacks and stay determined in the face of adversity. ...",
      "questions": [
        {
          "question": "What keeps you going when things get hard?",
          "options": ["Support of loved ones", "My inner drive", "Thinking logically", "Distraction and hobbies"],
          "trait": "Resilient"
        },
        {
          "question": "What do you do after a failure?",
          "options": ["Cry, then try again", "Try again right away", "Analyze the issue", "Come up with a new plan"],
          "trait": "Resilient"
        }
      ]
    },
    {
      "name": "Decisive",
      "description": "You are quick and confident in making choices. You trust your gut and take charge of situations. ...",
      "questions": [
        {
          "question": "You are given a new project with limited time. What's your approach?",
          "options": ["Jump in and take charge", "Plan quickly and delegate", "Analyze before acting", "Innovate a shortcut"],
          "trait": "Decisive"
        },
        {
          "question": "How do you make big life decisions?",
          "options": ["Follow your heart", "Stick to your plan", "List pros/cons", "Take a creative approach"],
          "trait": "Decisive"
        }
      ]
    }
  ]
}
